"Country","Region","Subregion","Indicator","1990","1991","1992","1993","1994","1995","1996","1997","1998","1999","2000","2001","2002","2003","2004","2005","2006","2007","2008","2009","2010","2011","2012","2013","2014","2015","2016","2017"
"Afghanistan","Asia","Southern Asia","Homicide Total Count",,,,,,,,,,,,,,,,,,,,1115,983,1231,1948,,,3367,2289,2515
"Afghanistan","Asia","Southern Asia","Homicide Rate",,,,,,,,,,,,,,,,,,,,4,3.4,4.1,6.3,,,10,6.6,7.1
"Albania","Europe","Southern Europe","Homicide Total Count",,,130,191,112,259,272,1334,660,532,131,220,216,166,131,154,95,105,93,85,127,142,157,124,117,82,99,68
"Albania","Europe","Southern Europe","Homicide Rate",,,4,6,3.6,8.3,8.8,43.1,21.3,17.1,4.2,7,6.9,5.3,4.2,5,3.1,3.5,3.1,2.9,4.3,4.9,5.4,4.2,4,2.8,3.4,2.3
"Algeria","Africa","Northern Africa","Homicide Total Count",,,,,,,,,,,,,,650,449,204,312,271,328,277,254,280,523,480,577,542,,
"Algeria","Africa","Northern Africa","Homicide Rate",,,,,,,,,,,,,,2,1.4,0.6,0.9,0.8,0.9,0.8,0.7,0.8,1.4,1.3,1.5,1.4,,
"American Samoa","Oceania","Polynesia","Homicide Total Count",,,,,,,,,,,,1,7,3,4,6,4,1,3,2,5,5,2,3,3,4,3,
"American Samoa","Oceania","Polynesia","Homicide Rate",,,,,,,,,,,,1.7,11.9,5.1,6.7,10.1,6.8,1.7,5.3,3.6,9,9,3.6,5.4,5.4,7.2,5.4,
"Andorra","Europe","Southern Europe","Homicide Total Count",,,,,,,,,,,,,,,1,,,0,1,0,0,1,0,0,0,0,,
"Andorra","Europe","Southern Europe","Homicide Rate",,,,,,,,,,,,,,,1.3,,,0,1.2,0,0,1.2,0,0,0,0,,
"Angola","Africa","Middle Africa","Homicide Total Count",,,,,,,,,,,,,,,,,,,,,,1055,1217,,,,,
"Angola","Africa","Middle Africa","Homicide Rate",,,,,,,,,,,,,,,,,,,,,,4.4,4.8,,,,,
"Anguilla","Americas","Caribbean","Homicide Total Count",0,1,0,1,0,1,0,1,0,0,1,0,2,2,1,0,5,4,1,1,0,0,5,1,4,,,
"Anguilla","Americas","Caribbean","Homicide Rate",0,11.5,0,10.8,0,10.2,0,9.7,0,0,9,0,17.1,16.6,8.1,0,38.8,30.4,7.5,7.4,0,0,35.4,7,27.7,,,
"Antigua and Barbuda","Americas","Caribbean","Homicide Total Count",1,3,2,4,5,7,3,1,,,5,7,5,5,4,3,11,17,16,16,6,,10,,,,,
"Antigua and Barbuda","Americas","Caribbean","Homicide Rate",1.5,4.5,2.9,5.7,7,9.5,4,1.3,,,6,8.2,5.8,5.7,4.5,3.4,12.2,18.6,17.3,17.1,6.3,,10.3,,,,,
"Argentina","Americas","South America","Homicide Total Count",,,,,,,,,,,,3129,3570,2967,2338,2198,2111,2139,2371,2642,2384,2511,2648,3072,3228,2837,2625,2289
"Argentina","Americas","South America","Homicide Rate",,,,,,,,,,,,8.6,9.7,8,6.2,5.8,5.5,5.5,6,6.6,5.8,6.1,6.3,7.3,7.6,6.6,6,5.2
"Armenia","Asia","Western Asia","Homicide Total Count",178,186,305,268,157,116,114,100,93,90,91,88,69,76,83,58,79,77,97,97,56,71,65,63,72,75,87,70
"Armenia","Asia","Western Asia","Homicide Rate",5,5.3,8.9,8,4.8,3.6,3.6,3.2,3,2.9,3,2.9,2.3,2.5,2.8,1.9,2.7,2.6,3.3,3.4,1.9,2.5,2.3,2.2,2.5,2.6,3,2.4
"Aruba","Americas","Caribbean","Homicide Total Count",0,,,,,6,,,,2,,4,5,4,2,6,5,3,5,4,4,2,4,6,2,,,
"Aruba","Americas","Caribbean","Homicide Rate",0,,,,,7.5,,,,2.2,,4.3,5.3,4.1,2,6,5,3,4.9,3.9,3.9,2,3.9,5.8,1.9,,,
"Australia","Oceania","Australia and New Zealand","Homicide Total Count",374,340,301,333,320,356,354,364,334,385,362,347,366,302,263,259,281,255,261,263,231,248,243,245,243,236,227,203
"Australia","Oceania","Australia and New Zealand","Homicide Rate",2.2,2,1.7,1.9,1.8,2,1.9,2,1.8,2,1.9,1.8,1.9,1.5,1.3,1.3,1.4,1.2,1.2,1.2,1,1.1,1.1,1.1,1,1,0.9,0.8
"Austria","Europe","Western Europe","Homicide Total Count",89,103,97,80,88,78,99,66,77,60,82,70,65,50,59,54,61,45,58,51,58,75,79,62,45,46,57,
"Austria","Europe","Western Europe","Homicide Rate",1.2,1.3,1.2,1,1.1,1,1.2,0.8,1,0.7,1,0.9,0.8,0.6,0.7,0.7,0.7,0.5,0.7,0.6,0.7,0.9,0.9,0.7,0.5,0.5,0.7,
"Azerbaijan","Asia","Western Asia","Homicide Total Count",329,357,564,478,499,443,400,284,280,242,226,218,212,183,201,192,190,189,192,,206,,202,221,236,225,208,201
"Azerbaijan","Asia","Western Asia","Homicide Rate",4.5,4.9,7.5,6.3,6.5,5.7,5.1,3.6,3.5,3,2.8,2.7,2.6,2.2,2.4,2.2,2.2,2.2,2.2,,2.3,,2.2,2.4,2.5,2.3,2.1,2
"Bahamas","Americas","Caribbean","Homicide Total Count",45,28,41,35,52,40,51,46,,,74,43,52,50,44,52,61,78,73,87,94,127,111,119,124,146,111,122
"Bahamas","Americas","Caribbean","Homicide Rate",17.6,10.7,15.4,12.9,18.8,14.3,18,16,,,24.8,14.2,16.8,15.8,13.6,15.8,18.2,22.8,20.9,24.5,26.1,34.6,29.8,31.5,32.4,37.7,28.4,30.9
"Bahrain","Asia","Western Asia","Homicide Total Count",,,,,,5,8,6,,,,9,8,3,7,4,7,4,6,13,11,7,4,5,7,,,
"Bahrain","Asia","Western Asia","Homicide Rate",,,,,,0.9,1.4,1,,,,1.3,1.1,0.4,0.8,0.4,0.7,0.4,0.5,1.1,0.9,0.5,0.3,0.4,0.5,,,
"Bangladesh","Asia","Southern Asia","Homicide Total Count",,,,,,,,,,,3343,3678,3503,3471,3902,3592,4166,3863,4099,4219,3988,3966,4114,4393,4514,4035,3591,3549
"Bangladesh","Asia","Southern Asia","Homicide Rate",,,,,,,,,,,2.5,2.7,2.6,2.5,2.8,2.5,2.9,2.6,2.8,2.8,2.6,2.6,2.6,2.8,2.8,2.5,2.2,2.2
"Barbados","Americas","Caribbean","Homicide Total Count",34,21,22,21,20,17,,,20,23,20,25,25,33,22,29,35,25,23,19,31,27,22,24,25,31,22,30
"Barbados","Americas","Caribbean","Homicide Rate",13.1,8,8.4,8,7.6,6.4,,,7.5,8.6,7.4,9.2,9.2,12.1,8.1,10.6,12.7,9.1,8.3,6.8,11.1,9.6,7.8,8.5,8.8,10.9,7.7,10.5
"Belarus","Europe","Eastern Europe","Homicide Total Count",508,465,594,756,829,960,970,1021,1036,974,1013,969,989,879,815,825,734,649,541,487,401,373,340,333,340,,,
"Belarus","Europe","Eastern Europe","Homicide Rate",5,4.5,5.8,7.4,8.1,9.5,9.6,10.1,10.3,9.8,10.2,9.8,10.1,9,8.4,8.6,7.7,6.8,5.7,5.1,4.2,3.9,3.6,3.5,3.6,,,
"Belgium","Europe","Western Europe","Homicide Total Count",104,102,121,145,120,142,120,145,,,212,282,319,230,268,221,221,211,203,189,189,214,205,205,210,230,174,193
"Belgium","Europe","Western Europe","Homicide Rate",1,1,1.2,1.4,1.2,1.4,1.2,1.4,,,2.1,2.7,3.1,2.2,2.6,2.1,2.1,2,1.9,1.7,1.7,1.9,1.8,1.8,1.9,2,1.5,1.7
"Belize","Americas","Central America","Homicide Total Count",,,,,,,,,,,41,64,87,67,79,81,92,97,103,97,129,124,145,99,123,119,138,142
"Belize","Americas","Central America","Homicide Rate",,,,,,,,,,,16.6,25.1,33.2,24.9,28.6,28.6,31.6,32.5,33.6,30.9,40.1,37.7,43.1,28.8,35,33.1,37.6,37.9
"Benin","Africa","Western Africa","Homicide Total Count",,,,,,,,,,,,,,,,,,,,,,,,,,,,126
"Benin","Africa","Western Africa","Homicide Rate",,,,,,,,,,,,,,,,,,,,,,,,,,,,1.1
"Bermuda","Americas","Northern America","Homicide Total Count",1,3,1,3,6,,4,2,0,2,0,3,1,2,1,2,3,3,5,6,7,8,6,5,4,4,8,5
"Bermuda","Americas","Northern America","Homicide Rate",1.6,4.9,1.6,4.8,9.6,,6.4,3.2,0,3.1,0,4.7,1.5,3.1,1.5,3.1,4.6,4.6,7.7,9.3,10.9,12.6,9.5,8,6.4,6.5,13,8.2
"Bhutan","Asia","Southern Asia","Homicide Total Count",20,12,27,19,20,16,12,7,11,13,18,19,19,5,15,11,9,14,18,16,16,32,33,24,,12,9,13
"Bhutan","Asia","Southern Asia","Homicide Rate",3.7,2.2,5.1,3.6,3.9,3.1,2.3,1.3,2,2.3,3.1,3.2,3.1,0.8,2.3,1.7,1.3,2,2.6,2.2,2.2,4.3,4.4,3.1,,1.5,1.1,1.6
"Bolivia (Plurinational State of)","Americas","South America","Homicide Total Count",,,,,,,,,,,,,,,,478,482,770,828,819,1273,1236,1221,932,942,671,686,
"Bolivia (Plurinational State of)","Americas","South America","Homicide Rate",,,,,,,,,,,,,,,,5.2,5.2,8.2,8.6,8.4,12.8,12.3,11.9,9,8.9,6.3,6.3,
"Bonaire, Sint Eustatius and Saba","Americas","Caribbean","Homicide Total Count",,,,,,,,,,,,,,,,,,,,,,,,,,,,
"Bonaire, Sint Eustatius and Saba","Americas","Caribbean","Homicide Rate",,,,,,,,,,,,,,,,,,,,,,,,,,,,
"Bosnia and Herzegovina","Europe","Southern Europe","Homicide Total Count",73,,,,,,,,,,99,82,90,,68,70,73,66,66,71,56,51,63,46,50,57,45,42
"Bosnia and Herzegovina","Europe","Southern Europe","Homicide Rate",1.6,,,,,,,,,,2.6,2.2,2.4,,1.8,1.9,1.9,1.7,1.8,1.9,1.5,1.4,1.7,1.3,1.4,1.6,1.3,1.2
"Botswana","Africa","Southern Africa","Homicide Total Count",,,,,,,,,,,,213,255,312,259,291,261,280,281,289,303,,,,,,,
"Botswana","Africa","Southern Africa","Homicide Rate",,,,,,,,,,,,12.1,14.3,17.3,14.2,15.7,13.9,14.6,14.4,14.6,15,,,,,,,
"Brazil","Americas","South America","Homicide Total Count",29301,28148,25967,28013,29851,34000,35673,37153,38442,39362,41595,43975,45585,46828,44379,43645,45086,44625,45885,44518,43272,48084,53054,54163,58497,58459,61597,63895
"Brazil","Americas","South America","Homicide Rate",19.6,18.5,16.8,17.8,18.7,20.9,21.6,22.2,22.6,22.8,23.7,24.7,25.3,25.7,24,23.3,23.9,23.4,23.8,22.8,22,24.2,26.5,26.8,28.6,28.4,29.7,30.5
"British Virgin Islands","Americas","Caribbean","Homicide Total Count",1,0,0,0,0,2,2,,,1,,1,1,2,4,,2,,,,,,,,,,,
"British Virgin Islands","Americas","Caribbean","Homicide Rate",6.1,0,0,0,0,10.9,10.6,,,5,,4.7,4.6,9.1,17.7,,8.4,,,,,,,,,,,
"Brunei Darussalam","Asia","South-Eastern Asia","Homicide Total Count",,,,,,,9,8,4,4,4,,,3,2,2,3,3,1,3,1,1,4,2,,,,
"Brunei Darussalam","Asia","South-Eastern Asia","Homicide Rate",,,,,,,3,2.6,1.3,1.2,1.2,,,0.8,0.6,0.5,0.8,0.8,0.3,0.8,0.3,0.3,1,0.5,,,,
"Bulgaria","Europe","Eastern Europe","Homicide Total Count",227,375,462,490,492,494,438,398,381,327,332,308,255,247,244,199,186,177,172,150,148,128,141,109,112,126,79,103
"Bulgaria","Europe","Eastern Europe","Homicide Rate",2.6,4.3,5.3,5.7,5.8,5.9,5.3,4.8,4.7,4.1,4.2,3.9,3.2,3.2,3.2,2.6,2.4,2.3,2.3,2,2,1.7,1.9,1.5,1.6,1.8,1.1,1.5
"Burkina Faso","Africa","Western Africa","Homicide Total Count",,,,,,,,,,,,,78,81,78,63,69,94,151,135,123,90,115,121,130,117,209,240
"Burkina Faso","Africa","Western Africa","Homicide Rate",,,,,,,,,,,,,0.6,0.6,0.6,0.5,0.5,0.7,1,0.9,0.8,0.6,0.7,0.7,0.7,0.6,1.1,1.3
"Burundi","Africa","Eastern Africa","Homicide Total Count",,,,,,,,,,,,,,,,,,,341,376,347,349,500,520,564,461,635,
"Burundi","Africa","Eastern Africa","Homicide Rate",,,,,,,,,,,,,,,,,,,4.2,4.4,4,3.9,5.4,5.4,5.7,4.5,6,
"Cabo Verde","Africa","Western Africa","Homicide Total Count",,,,,,,,,,,,,,15,21,44,35,29,34,38,39,53,56,54,65,46,62,
"Cabo Verde","Africa","Western Africa","Homicide Rate",,,,,,,,,,,,,,3.3,4.5,9.3,7.3,6,6.9,7.6,7.8,10.4,10.9,10.4,12.3,8.6,11.5,
"Cambodia","Asia","South-Eastern Asia","Homicide Total Count",,,429,599,303,397,542,317,793,581,571,407,425,509,511,448,400,393,333,331,331,268,,,,,,
"Cambodia","Asia","South-Eastern Asia","Homicide Rate",,,4.5,6,2.9,3.7,4.9,2.8,6.8,4.9,4.7,3.3,3.4,4,3.9,3.4,3,2.9,2.4,2.3,2.3,1.8,,,,,,
"Cameroon","Africa","Middle Africa","Homicide Total Count",,,,,,,,,,,459,755,1031,1002,,,,,776,1277,999,835,880,,212,269,276,341
"Cameroon","Africa","Middle Africa","Homicide Rate",,,,,,,,,,,3,4.8,6.4,6.1,,,,,4.1,6.6,5,4.1,4.2,,1,1.2,1.2,1.4
"Canada","Americas","Northern America","Homicide Total Count",657,754,733,626,596,587,634,586,559,539,546,554,582,549,625,664,608,597,614,610,556,606,548,509,522,610,612,660
"Canada","Americas","Northern America","Homicide Rate",2.4,2.7,2.6,2.2,2.1,2,2.1,2,1.9,1.8,1.8,1.8,1.9,1.7,2,2.1,1.9,1.8,1.8,1.8,1.6,1.8,1.6,1.4,1.5,1.7,1.7,1.8
"Cayman Islands","Americas","Caribbean","Homicide Total Count",2,2,1,2,2,2,1,2,1,0,4,2,0,3,5,3,1,2,4,8,9,,,5,5,,,
"Cayman Islands","Americas","Caribbean","Homicide Rate",8,7.6,3.6,7,6.7,6.3,3,5.6,2.6,0,9.6,4.6,0,6.5,10.6,6.2,2,3.9,7.6,14.7,16.2,,,8.6,8.4,,,
"Central African Republic","Africa","Middle Africa","Homicide Total Count",,,,,,,,,,,,,,,,,,,,,,,,,,,913,
"Central African Republic","Africa","Middle Africa","Homicide Rate",,,,,,,,,,,,,,,,,,,,,,,,,,,19.8,
"Chad","Africa","Middle Africa","Homicide Total Count",,,,,,,,,,,,,,,,,,,,,,,,,,,,
"Chad","Africa","Middle Africa","Homicide Rate",,,,,,,,,,,,,,,,,,,,,,,,,,,,
"Channel Islands","Europe","Northern Europe","Homicide Total Count",,,,,,,,,,,,,,,,1,2,,1,,0,,,,,,,
"Channel Islands","Europe","Northern Europe","Homicide Rate",,,,,,,,,,,,,,,,0.6,1.3,,0.6,,0,,,,,,,
"Chile","Americas","South America","Homicide Total Count",,,,,,,,,,,,,,513,,576,590,616,588,630,541,636,434,556,,610,612,779
"Chile","Americas","South America","Homicide Rate",,,,,,,,,,,,,,3.2,,3.6,3.6,3.7,3.5,3.7,3.2,3.7,2.5,3.2,,3.4,3.4,4.3
"China","Asia","Eastern Asia","Homicide Total Count",,,,,,27356,25411,26070,26292,25983,26858,25939,26276,24393,24711,20770,17973,16119,14811,14667,13410,12015,11286,10640,10083,9200,8634,7990
"China","Asia","Eastern Asia","Homicide Rate",,,,,,2.2,2,2.1,2.1,2,2.1,2,2,1.9,1.9,1.6,1.4,1.2,1.1,1.1,1,0.9,0.8,0.8,0.7,0.7,0.6,0.6
"China, Hong Kong Special Administrative Region","Asia","Eastern Asia","Homicide Total Count",137,92,108,86,96,73,77,102,64,63,43,66,69,52,45,34,35,18,36,47,35,17,27,62,27,22,28,24
"China, Hong Kong Special Administrative Region","Asia","Eastern Asia","Homicide Rate",2.4,1.6,1.8,1.4,1.6,1.2,1.2,1.6,1,1,0.6,1,1,0.8,0.7,0.5,0.5,0.3,0.5,0.7,0.5,0.2,0.4,0.9,0.4,0.3,0.4,0.3
"China, Macao Special Administrative Region","Asia","Eastern Asia","Homicide Total Count",,19,7,13,15,8,17,30,24,37,10,8,2,8,4,4,10,6,4,6,2,4,4,1,0,1,1,2
"China, Macao Special Administrative Region","Asia","Eastern Asia","Homicide Rate",,5.4,1.9,3.5,4,2.1,4.3,7.5,5.9,8.8,2.3,1.8,0.4,1.7,0.8,0.8,2,1.2,0.8,1.1,0.4,0.7,0.7,0.2,0,0.2,0.2,0.3
"China, Taiwan Province of China","Asia","Eastern Asia","Homicide Total Count",,,,,,,,,,,,306,,,,,228,176,191,181,179,,179,168,,192,,
"China, Taiwan Province of China","Asia","Eastern Asia","Homicide Rate",,,,,,,,,,,,1.4,,,,,1,0.8,0.8,0.8,0.8,,0.8,0.7,,0.8,,
"Colombia","Americas","South America","Homicide Total Count",24330,28424,28184,28441,27079,22321,23350,23200,23089,24355,26539,27840,28387,23523,20210,18111,17479,17198,16140,15817,15459,16127,16440,15419,13343,12782,12402,12237
"Colombia","Americas","South America","Homicide Rate",71,81.4,79.3,78.6,73.5,59.6,61.4,60,58.8,61.2,65.7,67.9,68.3,55.8,47.3,41.8,39.9,38.8,35.9,34.8,33.7,34.8,35.1,32.6,27.9,26.5,25.5,24.9
"Comoros","Africa","Eastern Africa","Homicide Total Count",,,,,,,,,,,,,,,,,,,,,,,,,,,,
"Comoros","Africa","Eastern Africa","Homicide Rate",,,,,,,,,,,,,,,,,,,,,,,,,,,,
"Congo","Africa","Middle Africa","Homicide Total Count",,,,,,,,,,,,,,,,,,,,,,,,,,,,
"Congo","Africa","Middle Africa","Homicide Rate",,,,,,,,,,,,,,,,,,,,,,,,,,,,
"Cook Islands","Oceania","Polynesia","Homicide Total Count",,,,,,,,,,,,,,,,,,,,,,,1,,,,,
"Cook Islands","Oceania","Polynesia","Homicide Rate",,,,,,,,,,,,,,,,,,,,,,,3.5,,,,,
"Costa Rica","Americas","Central America","Homicide Total Count",139,132,160,160,182,184,189,210,224,245,249,257,258,300,280,335,351,369,512,525,527,474,407,411,477,557,578,603
"Costa Rica","Americas","Central America","Homicide Rate",4.5,4.2,4.9,4.8,5.3,5.2,5.3,5.7,5.9,6.4,6.3,6.4,6.3,7.3,6.7,7.9,8.1,8.4,11.6,11.7,11.6,10.3,8.7,8.7,10,11.6,11.9,12.3
"Cote d'Ivoire","Africa","Western Africa","Homicide Total Count",,,,,,,,,,,,,,,,,,,,,,,,,,,,
"Cote d'Ivoire","Africa","Western Africa","Homicide Rate",,,,,,,,,,,,,,,,,,,,,,,,,,,,
"Croatia","Europe","Southern Europe","Homicide Total Count",137,437,387,218,143,166,122,118,105,111,101,81,73,69,83,68,74,62,71,49,62,49,51,46,36,37,44,46
"Croatia","Europe","Southern Europe","Homicide Rate",2.9,9.2,8.2,4.6,3.1,3.6,2.7,2.6,2.3,2.5,2.3,1.8,1.7,1.6,1.9,1.6,1.7,1.4,1.6,1.1,1.4,1.1,1.2,1.1,0.8,0.9,1,1.1
"Cuba","Americas","Caribbean","Homicide Total Count",,,673,802,901,852,732,747,818,609,587,605,661,642,660,684,576,568,515,565,505,534,621,674,600,619,572,
"Cuba","Americas","Caribbean","Homicide Rate",,,6.3,7.4,8.3,7.8,6.7,6.8,7.4,5.5,5.3,5.4,5.9,5.7,5.9,6.1,5.1,5,4.6,5,4.5,4.7,5.5,5.9,5.2,5.4,5,
"Curacao","Americas","Caribbean","Homicide Total Count",,,,,,,,,,,,10,39,43,41,26,18,26,,,,,,,,,,
"Curacao","Americas","Caribbean","Homicide Rate",,,,,,,,,,,,7.7,30.3,33.6,32,20.1,13.6,19.2,,,,,,,,,,
"Cyprus","Asia","Western Asia","Homicide Total Count",5,1,2,5,7,9,10,6,7,10,8,7,2,14,16,20,15,13,9,19,8,9,22,12,11,15,13,7
"Cyprus","Asia","Western Asia","Homicide Rate",0.7,0.1,0.2,0.6,0.8,1.1,1.1,0.7,0.8,1.1,0.8,0.7,0.2,1.4,1.6,1.9,1.4,1.2,0.8,1.7,0.7,0.8,1.9,1,1,1.3,1.1,0.6
"Czechia","Europe","Eastern Europe","Homicide Total Count",,,,,207,176,173,187,174,172,191,135,139,163,134,108,130,126,114,94,103,86,105,90,81,88,65,66
"Czechia","Europe","Eastern Europe","Homicide Rate",,,,,2,1.7,1.7,1.8,1.7,1.7,1.9,1.3,1.4,1.6,1.3,1.1,1.3,1.2,1.1,0.9,1,0.8,1,0.8,0.8,0.8,0.6,0.6
"Democratic People's Republic of Korea","Asia","Eastern Asia","Homicide Total Count",,,,,,,,,,,,,,,,,,,,,,,,,,,,
"Democratic People's Republic of Korea","Asia","Eastern Asia","Homicide Rate",,,,,,,,,,,,,,,,,,,,,,,,,,,,
"Democratic Republic of the Congo","Africa","Middle Africa","Homicide Total Count",,,,,,,,,,,,,,,,,,,,,,,,,,,,
"Democratic Republic of the Congo","Africa","Middle Africa","Homicide Rate",,,,,,,,,,,,,,,,,,,,,,,,,,,,
"Denmark","Europe","Northern Europe","Homicide Total Count",41,68,62,71,75,59,68,88,49,52,58,52,48,65,43,53,29,39,54,47,42,46,47,48,74,62,56,71
"Denmark","Europe","Northern Europe","Homicide Rate",0.8,1.3,1.2,1.4,1.4,1.1,1.3,1.7,0.9,1,1.1,1,0.9,1.2,0.8,1,0.5,0.7,1,0.9,0.8,0.8,0.8,0.9,1.3,1.1,1,1.2
"Djibouti","Africa","Eastern Africa","Homicide Total Count",,,,,,,,,,,,,,,,,,,,,,,,,,,,
"Djibouti","Africa","Eastern Africa","Homicide Rate",,,,,,,,,,,,,,,,,,,,,,,,,,,,
"Dominica","Americas","Caribbean","Homicide Total Count",,,,,,,,,9,7,2,1,9,8,8,8,5,7,7,13,15,6,,,9,9,16,19
"Dominica","Americas","Caribbean","Homicide Rate",,,,,,,,,12.8,10,2.9,1.4,12.9,11.4,11.4,11.3,7.1,9.9,9.8,18.3,21,8.4,,,12.4,12.3,21.8,25.7
"Dominican Republic","Americas","Caribbean","Homicide Total Count",,908,807,930,1005,1007,1032,1038,1121,1066,1210,1095,1279,1902,2239,2394,2144,2111,2394,2375,2474,2513,2268,1978,1810,,1616,1216
"Dominican Republic","Americas","Caribbean","Homicide Rate",,12.4,10.8,12.2,13,12.8,12.9,12.7,13.5,12.6,14.1,12.6,14.5,21.2,24.6,25.9,22.9,22.2,24.8,24.3,25,25.1,22.3,19.2,17.4,,15.2,11.3
"Ecuador","Americas","South America","Homicide Total Count",892,1153,935,926,1139,1372,1463,1317,1643,1682,1833,1658,1906,1937,2390,2121,2385,2273,2607,2625,2623,2344,1923,1725,1311,1052,963,972
"Ecuador","Americas","South America","Homicide Rate",8.7,11,8.7,8.5,10.2,12,12.5,11,13.5,13.6,14.5,12.9,14.6,14.6,17.7,15.4,17.1,16,18,17.9,17.6,15.4,12.5,11,8.2,6.5,5.9,5.8
"Egypt","Africa","Northern Africa","Homicide Total Count",269,288,276,244,231,,,,,,,,,471,322,522,549,680,967,912,1839,2703,2207,,,,,
"Egypt","Africa","Northern Africa","Homicide Rate",0.5,0.5,0.5,0.4,0.4,,,,,,,,,0.6,0.4,0.7,0.7,0.9,1.2,1.1,2.2,3.1,2.5,,,,,
"El Salvador","Americas","Central America","Homicide Total Count",,,,,7673,7977,6792,6573,5584,3845,3551,3590,2835,3356,3897,3882,3927,3497,3179,4382,3987,4371,2594,2513,3921,6656,5276,3942
"El Salvador","Americas","Central America","Homicide Rate",,,,,138.4,142.2,119.7,114.8,96.6,66,60.5,60.8,47.7,56.2,64.9,64.4,64.8,57.5,52,71.4,64.7,70.6,41.7,40.2,62.4,105.4,83.1,61.8
"Equatorial Guinea","Africa","Middle Africa","Homicide Total Count",,,,,,,,,,,,,,,,,,,,,,,,,,,,
"Equatorial Guinea","Africa","Middle Africa","Homicide Rate",,,,,,,,,,,,,,,,,,,,,,,,,,,,
"Eritrea","Africa","Eastern Africa","Homicide Total Count",,,,,,,,,,,,,,,,,,,,,,,,,,,,
"Eritrea","Africa","Eastern Africa","Homicide Rate",,,,,,,,,,,,,,,,,,,,,,,,,,,,
"Estonia","Europe","Northern Europe","Homicide Total Count",118,119,217,282,302,246,214,178,196,157,143,137,142,147,91,113,91,96,86,70,70,65,63,52,41,45,33,29
"Estonia","Europe","Northern Europe","Homicide Rate",7.5,7.7,14.3,19,20.7,17.2,15.1,12.6,13.9,11.2,10.2,9.8,10.3,10.7,6.7,8.3,6.7,7.1,6.4,5.2,5.3,4.9,4.8,3.9,3.1,3.4,2.5,2.2
"Eswatini","Africa","Southern Africa","Homicide Total Count",163,170,174,174,152,,,,165,114,128,184,134,135,146,139,127,121,217,187,208,172,104,102,118,112,116,130
"Eswatini","Africa","Southern Africa","Homicide Rate",18.9,19.2,19.2,18.8,16.1,,,,16.1,10.9,12.1,17.1,12.4,12.4,13.3,12.6,11.3,10.6,18.7,15.8,17.3,14,8.3,8,9.1,8.5,8.6,9.5
"Ethiopia","Africa","Eastern Africa","Homicide Total Count",,,,,,,,,,,,,,,,,,,,,,,,,,,,
"Ethiopia","Africa","Eastern Africa","Homicide Rate",,,,,,,,,,,,,,,,,,,,,,,,,,,,
"Falkland Islands (Malvinas)","Americas","South America","Homicide Total Count",,,,,,,,,,,,,,,,,,,,,,,,,,,,
"Falkland Islands (Malvinas)","Americas","South America","Homicide Rate",,,,,,,,,,,,,,,,,,,,,,,,,,,,
"Faroe Islands","Europe","Northern Europe","Homicide Total Count",,,,,,,,,,,,,,,,,,,,,,,,,,,,
"Faroe Islands","Europe","Northern Europe","Homicide Rate",,,,,,,,,,,,,,,,,,,,,,,,,,,,
"Fiji","Oceania","Melanesia","Homicide Total Count",32,17,26,15,35,24,13,13,,,,,,25,23,23,22,21,17,29,20,20,20,19,20,,,
"Fiji","Oceania","Melanesia","Homicide Rate",4.4,2.3,3.5,2,4.6,3.1,1.7,1.6,,,,,,3.1,2.8,2.8,2.7,2.5,2,3.4,2.3,2.3,2.3,2.2,2.3,,,
"Finland","Europe","Northern Europe","Homicide Total Count",152,154,156,130,147,146,153,139,113,143,148,156,132,103,148,119,119,129,133,120,119,110,88,89,88,82,74,69
"Finland","Europe","Northern Europe","Homicide Rate",3,3.1,3.1,2.6,2.9,2.9,3,2.7,2.2,2.8,2.9,3,2.5,2,2.8,2.3,2.3,2.4,2.5,2.2,2.2,2,1.6,1.6,1.6,1.5,1.3,1.2
"France","Europe","Western Europe","Homicide Total Count",1355,1355,1342,1519,1406,1336,1171,963,961,953,1051,1047,1119,987,990,976,879,993,1021,819,796,856,784,777,792,1012,874,824
"France","Europe","Western Europe","Homicide Rate",2.4,2.4,2.3,2.6,2.4,2.3,2,1.6,1.6,1.6,1.8,1.7,1.9,1.6,1.6,1.6,1.4,1.6,1.6,1.3,1.3,1.4,1.2,1.2,1.2,1.6,1.4,1.3
"French Guiana","Americas","South America","Homicide Total Count",,,,,,,,,,,,,,,58,45,42,28,32,30,,,,,,,,
"French Guiana","Americas","South America","Homicide Rate",,,,,,,,,,,,,,,29.6,22.1,19.9,12.9,14.4,13.2,,,,,,,,
"French Polynesia","Oceania","Polynesia","Homicide Total Count",,,,,,,,,,,,,,,,,3,7,9,1,,,,,,,,
"French Polynesia","Oceania","Polynesia","Homicide Rate",,,,,,,,,,,,,,,,,1.2,2.7,3.4,0.4,,,,,,,,
"Gabon","Africa","Middle Africa","Homicide Total Count",,,,,,,,,,,,,,,,,,,,,,,,,,,,
"Gabon","Africa","Middle Africa","Homicide Rate",,,,,,,,,,,,,,,,,,,,,,,,,,,,
"Gambia","Africa","Western Africa","Homicide Total Count",,,,,,,,,,,,,,,,,,,,,,,,,,,,
"Gambia","Africa","Western Africa","Homicide Rate",,,,,,,,,,,,,,,,,,,,,,,,,,,,
"Georgia","Asia","Western Asia","Homicide Total Count",270,419,770,878,578,391,270,285,243,244,239,263,292,302,298,403,323,330,263,210,187,,,,108,,39,
"Georgia","Asia","Western Asia","Homicide Rate",5,7.8,14.5,16.9,11.3,7.8,5.5,5.8,5,5.1,5.1,5.6,6.3,6.6,6.6,9,7.3,7.5,6.1,4.9,4.4,,,,2.7,,1,
"Germany","Europe","Western Europe","Homicide Total Count",1173,1343,1391,1250,1343,1370,1250,1179,976,1005,1015,925,955,859,868,869,808,757,722,803,793,738,659,682,716,682,963,813
"Germany","Europe","Western Europe","Homicide Rate",1.5,1.7,1.7,1.6,1.7,1.7,1.5,1.4,1.2,1.2,1.2,1.1,1.2,1.1,1.1,1.1,1,0.9,0.9,1,1,0.9,0.8,0.8,0.9,0.8,1.2,1
"Ghana","Africa","Western Africa","Homicide Total Count",,,,,,,,,,,,433,401,436,452,393,412,399,430,427,422,423,560,551,543,525,549,609
"Ghana","Africa","Western Africa","Homicide Rate",,,,,,,,,,,,2.2,2,2.1,2.2,1.8,1.9,1.8,1.8,1.8,1.7,1.7,2.2,2.1,2,1.9,1.9,2.1
"Gibraltar","Europe","Southern Europe","Homicide Total Count",,,,,,,,,,,,,,,,,,,,0,1,,,,,,,
"Gibraltar","Europe","Southern Europe","Homicide Rate",,,,,,,,,,,,,,,,,,,,0,3,,,,,,,
"Greece","Europe","Southern Europe","Homicide Total Count",104,138,137,150,133,151,169,203,176,155,,132,94,122,111,132,110,130,144,152,176,184,166,153,107,93,84,82
"Greece","Europe","Southern Europe","Homicide Rate",1,1.3,1.3,1.4,1.2,1.4,1.6,1.9,1.6,1.4,,1.2,0.8,1.1,1,1.2,1,1.1,1.3,1.3,1.5,1.6,1.5,1.4,0.9,0.8,0.8,0.7
"Greenland","Americas","Northern America","Homicide Total Count",,,13,12,6,11,3,11,6,11,13,17,12,5,11,10,8,8,8,10,11,1,8,7,4,4,3,
"Greenland","Americas","Northern America","Homicide Rate",,,23.3,21.5,10.7,19.7,5.4,19.7,10.7,19.6,23.1,30.2,21.2,8.8,19.3,17.6,14,14.1,14.1,17.6,19.4,1.8,14.2,12.4,7.1,7.1,5.3,
"Grenada","Americas","Caribbean","Homicide Total Count",,,,,,,,,,,15,6,14,9,6,11,12,11,16,7,10,4,14,6,8,6,11,12
"Grenada","Americas","Caribbean","Homicide Rate",,,,,,,,,,,14.8,5.9,13.7,8.8,5.8,10.7,11.6,10.6,15.4,6.7,9.6,3.8,13.3,5.7,7.5,5.6,10.2,11.1
"Guadeloupe","Americas","Caribbean","Homicide Total Count",,,,,,,,,,,,,,,26,23,24,29,32,36,,27,31,35,21,39,23,
"Guadeloupe","Americas","Caribbean","Homicide Rate",,,,,,,,,,,,,,,6,5.2,5.4,6.5,7.2,8,,6,6.9,7.8,4.7,8.7,5.1,
"Guam","Oceania","Micronesia","Homicide Total Count",,,,,,,,,,,2,8,2,8,9,7,11,1,1,5,3,4,,,,,,
"Guam","Oceania","Micronesia","Homicide Rate",,,,,,,,,,,1.3,5.1,1.3,5.1,5.7,4.4,6.9,0.6,0.6,3.1,1.9,2.5,,,,,,
"Guatemala","Americas","Central America","Homicide Total Count",,,2669,3231,3239,3260,3619,3998,3310,2655,2904,3230,3631,4237,4507,5338,5885,5781,6292,6498,5960,5681,5155,5253,4998,4778,4520,4410
"Guatemala","Americas","Central America","Homicide Rate",,,27.5,32.5,31.8,31.3,34,36.7,29.7,23.3,24.9,27.1,29.7,33.9,35.2,40.8,43.9,42.2,44.9,45.4,40.7,38,33.8,33.7,31.4,29.4,27.3,26.1
"Guinea","Africa","Western Africa","Homicide Total Count",,,,,,,,,,,,,,,,,,,,,,,,,,,,
"Guinea","Africa","Western Africa","Homicide Rate",,,,,,,,,,,,,,,,,,,,,,,,,,,,
"Guinea-Bissau","Africa","Western Africa","Homicide Total Count",,,,,,,,,,,,,,,,,,,,,,,,81,65,48,64,21
"Guinea-Bissau","Africa","Western Africa","Homicide Rate",,,,,,,,,,,,,,,,,,,,,,,,4.8,3.8,2.7,3.5,1.1
"Guyana","Americas","South America","Homicide Total Count",90,192,105,117,108,109,88,87,113,91,76,80,143,209,131,142,153,115,158,117,140,130,139,155,149,149,142,115
"Guyana","Americas","South America","Homicide Rate",12.1,25.8,14,15.5,14.2,14.3,11.6,11.4,14.9,12,10.1,10.6,19,27.8,17.4,18.9,20.4,15.4,21.2,15.7,18.8,17.4,18.5,20.4,19.5,19.4,18.4,14.8
"Haiti","Americas","Caribbean","Homicide Total Count",,,,,,,,,,,,,,,,,,486,498,598,677,914,1033,1039,980,1071,1028,
"Haiti","Americas","Caribbean","Homicide Rate",,,,,,,,,,,,,,,,,,5.1,5.1,6.1,6.8,9,10,10,9.3,10,9.5,
"Holy See","Europe","Southern Europe","Homicide Total Count",,,,,,,,,,,,,,,,,,,,0,0,0,0,0,0,0,,
"Holy See","Europe","Southern Europe","Homicide Rate",,,,,,,,,,,,,,,,,,,,0,0,0,0,0,0,0,,
"Honduras","Americas","Central America","Homicide Total Count",496,704,955,1253,1682,1534,,,,2563,3176,3488,3623,4073,3639,3212,3118,3588,4455,5280,6236,7104,7172,6431,5891,5148,5150,3864
"Honduras","Americas","Central America","Homicide Rate",10,13.8,18.2,23.2,30.3,26.9,,,,40.3,48.7,52.1,52.8,57.9,50.5,43.6,41.3,46.5,56.6,65.7,76.1,85.1,84.3,74.3,66.9,57.5,56.5,41.7
"Hungary","Europe","Eastern Europe","Homicide Total Count",201,307,305,298,313,296,271,289,289,253,205,254,203,228,209,164,174,154,181,139,138,145,124,154,146,221,202,242
"Hungary","Europe","Eastern Europe","Homicide Rate",1.9,3,2.9,2.9,3,2.9,2.6,2.8,2.8,2.5,2,2.5,2,2.2,2.1,1.6,1.7,1.5,1.8,1.4,1.4,1.5,1.3,1.6,1.5,2.3,2.1,2.5
"Iceland","Europe","Northern Europe","Homicide Total Count",,,,,0,0,1,2,0,2,5,1,4,0,3,3,0,2,0,1,2,3,1,1,2,3,1,3
"Iceland","Europe","Northern Europe","Homicide Rate",,,,,0,0,0.4,0.7,0,0.7,1.8,0.4,1.4,0,1,1,0,0.7,0,0.3,0.6,0.9,0.3,0.3,0.6,0.9,0.3,0.9
"India","Asia","Southern Asia","Homicide Total Count",44162,48574,49688,47947,47458,46386,46912,47418,49292,47781,48167,46420,45736,44331,46490,45095,44961,45362,45999,45824,46460,47640,47478,45878,47356,44373,42678,
"India","Asia","Southern Asia","Homicide Rate",5.1,5.5,5.5,5.2,5,4.8,4.8,4.8,4.9,4.6,4.6,4.3,4.2,4,4.1,3.9,3.9,3.8,3.8,3.8,3.8,3.8,3.8,3.6,3.7,3.4,3.2,
"Indonesia","Asia","South-Eastern Asia","Homicide Total Count",,,,,,,,,1758,2090,2204,,,1635,1419,,,,1372,1311,1058,1467,1456,1386,1277,1491,1292,1150
"Indonesia","Asia","South-Eastern Asia","Homicide Rate",,,,,,,,,0.9,1,1,,,0.7,0.6,,,,0.6,0.5,0.4,0.6,0.6,0.5,0.5,0.6,0.5,0.4
"Iran (Islamic Republic of)","Asia","Southern Asia","Homicide Total Count",,,,,,,,,,,,,,1803,2015,,,,,2215,,,,2037,1936,,,
"Iran (Islamic Republic of)","Asia","Southern Asia","Homicide Rate",,,,,,,,,,,,,,2.6,2.9,,,,,3,,,,2.6,2.5,,,
"Iraq","Asia","Western Asia","Homicide Total Count",1168,1171,1397,1118,1267,,,,,,,,,,,,,,4596,2554,2691,2634,2697,3339,,,,
"Iraq","Asia","Western Asia","Homicide Rate",6.7,6.5,7.6,5.9,6.5,,,,,,,,,,,,,,15.8,8.5,8.7,8.3,8.2,9.9,,,,
"Iraq (Central Iraq)","Asia","Western Asia","Homicide Total Count",,,,,,,,,,,,,,,,,,,4452,2458,2553,2518,2594,3228,3029,,,
"Iraq (Central Iraq)","Asia","Western Asia","Homicide Rate",,,,,,,,,,,,,,,,,,,17.9,9.6,9.7,9.3,9.2,11.1,10.1,,,
"Iraq (Kurdistan Region)","Asia","Western Asia","Homicide Total Count",,,,,,,,,,,,,,,,,,,144,96,138,116,103,111,,,,
"Iraq (Kurdistan Region)","Asia","Western Asia","Homicide Rate",,,,,,,,,,,,,,,,,,,3.3,2.2,3,2.5,2.1,2.2,,,,
"Ireland","Europe","Northern Europe","Homicide Total Count",17,23,25,23,25,43,42,38,38,38,37,52,52,37,30,52,62,78,51,53,55,42,52,51,52,31,37,41
"Ireland","Europe","Northern Europe","Homicide Rate",0.5,0.6,0.7,0.6,0.7,1.2,1.1,1,1,1,1,1.3,1.3,0.9,0.7,1.2,1.4,1.8,1.1,1.2,1.2,0.9,1.1,1.1,1.1,0.7,0.8,0.9
"Isle of Man","Europe","Northern Europe","Homicide Total Count",,,,,,,,,,,,,,,,,,,,,,1,2,2,3,1,0,
"Isle of Man","Europe","Northern Europe","Homicide Rate",,,,,,,,,,,,,,,,,,,,,,1.2,2.5,2.4,3.6,1.2,0,
"Israel","Asia","Western Asia","Homicide Total Count",147,112,149,141,140,112,117,156,147,137,147,223,227,195,173,166,182,125,136,128,145,151,134,,118,110,,
"Israel","Asia","Western Asia","Homicide Rate",3.3,2.4,3.1,2.8,2.7,2.1,2.1,2.8,2.5,2.3,2.4,3.6,3.6,3.1,2.7,2.5,2.7,1.8,1.9,1.8,2,2,1.7,,1.5,1.4,,
"Italy","Europe","Southern Europe","Homicide Total Count",1794,1938,1476,1071,969,1012,953,873,889,819,766,709,644,719,714,610,625,631,615,590,529,552,530,502,475,469,400,
"Italy","Europe","Southern Europe","Homicide Rate",3.1,3.4,2.6,1.9,1.7,1.8,1.7,1.5,1.6,1.4,1.3,1.2,1.1,1.2,1.2,1,1.1,1.1,1,1,0.9,0.9,0.9,0.8,0.8,0.8,0.7,
"Jamaica","Americas","Caribbean","Homicide Total Count",544,566,632,657,692,780,925,1038,859,854,887,1139,1045,975,1471,1674,1340,1584,1619,1683,1447,1133,1099,1201,1005,1208,1354,1647
"Jamaica","Americas","Caribbean","Homicide Rate",22.4,23.2,25.6,26.4,27.5,30.7,36.1,40.1,32.9,32.4,33.4,42.5,38.8,35.9,53.9,61,48.5,57.1,58,60,51.4,40,38.7,42.1,35.1,42.1,47,57
"Japan","Asia","Eastern Asia","Homicide Total Count",676,639,673,715,751,724,652,710,775,736,678,697,662,697,699,643,619,574,654,506,465,442,429,370,395,363,362,306
"Japan","Asia","Eastern Asia","Homicide Rate",0.5,0.5,0.5,0.6,0.6,0.6,0.5,0.6,0.6,0.6,0.5,0.5,0.5,0.5,0.5,0.5,0.5,0.4,0.5,0.4,0.4,0.3,0.3,0.3,0.3,0.3,0.3,0.2
"Jordan","Asia","Western Asia","Homicide Total Count",120,121,141,165,197,35,45,42,,,,,,,,67,100,112,120,102,116,141,161,144,170,151,131,133
"Jordan","Asia","Western Asia","Homicide Rate",3.4,3.2,3.6,3.9,4.5,0.8,1,0.9,,,,,,,,1.2,1.7,1.8,1.8,1.5,1.6,1.9,2,1.7,1.9,1.6,1.4,1.4
"Kazakhstan","Asia","Central Asia","Homicide Total Count",1475,1512,1880,2586,2549,2447,2625,2581,2531,2374,2325,2160,1967,1991,2091,,,,1807,1771,1387,1420,1266,1120,904,853,,915
"Kazakhstan","Asia","Central Asia","Homicide Rate",8.9,9.1,11.4,15.8,15.7,15.3,16.6,16.6,16.5,15.7,15.4,14.4,13,13.1,13.6,,,,11.3,10.9,8.5,8.5,7.5,6.5,5.2,4.8,,5
"Kenya","Africa","Eastern Africa","Homicide Total Count",,,,,,,,,,,,,,,1200,1084,1106,1102,1215,1907,1926,2271,2374,2450,2305,2261,2363,2466
"Kenya","Africa","Eastern Africa","Homicide Rate",,,,,,,,,,,,,,,3.4,3,3,2.9,3.1,4.7,4.7,5.3,5.4,5.5,5,4.8,4.9,5
"Kiribati","Oceania","Micronesia","Homicide Total Count",,0,0,0,0,0,1,0,0,0,3,4,,,,,,,7,1,4,11,8,,,,,
"Kiribati","Oceania","Micronesia","Homicide Rate",,0,0,0,0,0,1.3,0,0,0,3.6,4.7,,,,,,,7.1,1,3.9,10.5,7.5,,,,,
"Kosovo under UNSCR 1244","Europe","Southern Europe","Homicide Total Count",,,,,,,,,,,,,,,,,,,113,73,106,62,90,41,55,42,38,
"Kosovo under UNSCR 1244","Europe","Southern Europe","Homicide Rate",,,,,,,,,,,,,,,,,,,6.5,4.1,6,3.5,5,2.2,3,2.3,2.1,
"Kuwait","Asia","Western Asia","Homicide Total Count",,,,,,,16,,,,,39,23,29,43,41,45,59,38,49,60,59,61,,,,,
"Kuwait","Asia","Western Asia","Homicide Rate",,,,,,,1,,,,,1.8,1.1,1.3,1.9,1.8,1.9,2.4,1.4,1.7,2,1.8,1.8,,,,,
"Kyrgyzstan","Asia","Central Asia","Homicide Total Count",603,366,468,548,546,535,519,439,425,433,430,386,411,420,419,491,446,416,417,419,909,467,380,301,320,305,267,256
"Kyrgyzstan","Asia","Central Asia","Homicide Rate",13.8,8.3,10.5,12.2,12.1,11.7,11.2,9.3,8.9,8.9,8.7,7.8,8.2,8.4,8.3,9.7,8.7,8,7.9,7.8,16.8,8.5,6.8,5.3,5.5,5.2,4.5,4.2
"Lao People's Democratic Republic","Asia","South-Eastern Asia","Homicide Total Count",,,,,,,,,,,,,,,,,,,,,,,,,,,,
"Lao People's Democratic Republic","Asia","South-Eastern Asia","Homicide Rate",,,,,,,,,,,,,,,,,,,,,,,,,,,,
"Latvia","Europe","Northern Europe","Homicide Total Count",,,259,387,348,288,268,272,250,229,238,219,214,202,181,126,128,94,99,108,70,69,70,50,64,67,69,81
"Latvia","Europe","Northern Europe","Homicide Rate",,,9.9,15,13.7,11.5,10.8,11.1,10.3,9.5,10,9.3,9.2,8.8,7.9,5.6,5.8,4.3,4.6,5,3.3,3.3,3.4,2.5,3.2,3.4,3.5,4.2
"Lebanon","Asia","Western Asia","Homicide Total Count",,,,,,,,,,,,,,,,,,,183,145,163,168,194,236,240,231,235,
"Lebanon","Asia","Western Asia","Homicide Rate",,,,,,,,,,,,,,,,,,,4.5,3.5,3.8,3.7,3.9,4.5,4.3,3.9,4,
"Lesotho","Africa","Southern Africa","Homicide Total Count",519,549,640,665,833,,,,,,,,,,,,,895,752,723,764,712,641,658,,897,,
"Lesotho","Africa","Southern Africa","Homicide Rate",32.4,33.6,38.4,39.1,48.1,,,,,,,,,,,,,45.1,37.6,35.8,37.4,34.5,30.7,31.1,,41.2,,
"Liberia","Africa","Western Africa","Homicide Total Count",,,,,,,,,,,,,,,,,,100,177,145,129,161,135,,,,,
"Liberia","Africa","Western Africa","Homicide Rate",,,,,,,,,,,,,,,,,,2.8,4.8,3.8,3.3,4,3.2,,,,,
"Libya","Africa","Northern Africa","Homicide Total Count",,,,,,,,,,,,,,,,,,,,,,,,,,,,
"Libya","Africa","Northern Africa","Homicide Rate",,,,,,,,,,,,,,,,,,,,,,,,,,,,
"Liechtenstein","Europe","Western Europe","Homicide Total Count",,,,,0,0,0,0,0,1,0,0,0,0,1,0,0,0,1,0,1,0,0,0,1,0,0,
"Liechtenstein","Europe","Western Europe","Homicide Rate",,,,,0,0,0,0,0,3,0,0,0,0,2.9,0,0,0,2.8,0,2.8,0,0,0,2.7,0,0,
"Lithuania","Europe","Northern Europe","Homicide Total Count",180,214,266,416,465,502,405,391,311,309,370,353,293,344,343,372,288,277,298,252,219,211,202,198,159,172,153,129
"Lithuania","Europe","Northern Europe","Homicide Rate",4.9,5.8,7.2,11.3,12.7,13.8,11.2,10.9,8.7,8.8,10.6,10.2,8.5,10.1,10.1,11.1,8.7,8.5,9.3,8,7,6.9,6.7,6.6,5.4,5.9,5.2,4.5
"Luxembourg","Europe","Western Europe","Homicide Total Count",,,,,6,2,4,4,4,6,4,9,6,3,2,4,7,7,8,5,10,4,0,1,4,5,5,2
"Luxembourg","Europe","Western Europe","Homicide Rate",,,,,1.5,0.5,1,1,0.9,1.4,0.9,2,1.4,0.7,0.4,0.9,1.5,1.5,1.6,1,2,0.8,0,0.2,0.7,0.9,0.9,0.3
"Madagascar","Africa","Eastern Africa","Homicide Total Count",,,,,,,,,,,,,,,,,,,,,,,,,,,,
"Madagascar","Africa","Eastern Africa","Homicide Rate",,,,,,,,,,,,,,,,,,,,,,,,,,,,
"Malawi","Africa","Eastern Africa","Homicide Total Count",,,,,,,,,,,700,900,567,300,411,200,821,690,780,320,520,343,279,,,,,
"Malawi","Africa","Eastern Africa","Homicide Rate",,,,,,,,,,,6.2,7.7,4.7,2.4,3.2,1.5,6.1,5,5.5,2.2,3.4,2.2,1.7,,,,,
"Malaysia","Asia","South-Eastern Asia","Homicide Total Count",313,384,366,360,336,396,447,540,629,588,551,517,565,565,497,604,588,652,597,561,540,530,602,627,,,,
"Malaysia","Asia","South-Eastern Asia","Homicide Rate",1.7,2.1,1.9,1.8,1.7,1.9,2.1,2.5,2.8,2.6,2.4,2.2,2.3,2.3,2,2.4,2.2,2.4,2.2,2,1.9,1.9,2.1,2.1,,,,
"Maldives","Asia","Southern Asia","Homicide Total Count",1,,,,,2,,6,,,,7,8,4,,,,3,5,6,6,3,10,3,,,,
"Maldives","Asia","Southern Asia","Homicide Rate",0.4,,,,,0.8,,2.3,,,,2.4,2.7,1.3,,,,0.9,1.4,1.7,1.6,0.8,2.6,0.8,,,,
"Mali","Africa","Western Africa","Homicide Total Count",,,,,,,,,,,,,,,,,,,,,,,,,,,,
"Mali","Africa","Western Africa","Homicide Rate",,,,,,,,,,,,,,,,,,,,,,,,,,,,
"Malta","Europe","Southern Europe","Homicide Total Count",4,3,6,7,3,,,,5,10,4,6,6,0,7,4,0,4,6,4,4,3,12,7,6,4,,
"Malta","Europe","Southern Europe","Homicide Rate",1.1,0.8,1.6,1.9,0.8,,,,1.3,2.5,1,1.5,1.5,0,1.7,1,0,1,1.5,1,1,0.7,2.9,1.7,1.4,0.9,,
"Marshall Islands","Oceania","Micronesia","Homicide Total Count",,5,2,,2,,,,,,,,,,,,,,,,,,,,,,,
"Marshall Islands","Oceania","Micronesia","Homicide Rate",,10.3,4.1,,4,,,,,,,,,,,,,,,,,,,,,,,
"Martinique","Americas","Caribbean","Homicide Total Count",,,,,,,,,,,,,,,19,19,23,23,17,11,,,,,,,,
"Martinique","Americas","Caribbean","Homicide Rate",,,,,,,,,,,,,,,4.8,4.8,5.8,5.8,4.3,2.8,,,,,,,,
"Mauritania","Africa","Western Africa","Homicide Total Count",,,,,,,,,,,,,,,,,,,,,,,,,,,,
"Mauritania","Africa","Western Africa","Homicide Rate",,,,,,,,,,,,,,,,,,,,,,,,,,,,
"Mauritius","Africa","Eastern Africa","Homicide Total Count",20,29,31,21,27,25,34,24,31,23,26,,,39,35,37,50,45,48,38,33,34,29,35,19,21,23,
"Mauritius","Africa","Eastern Africa","Homicide Rate",1.9,2.7,2.9,1.9,2.4,2.2,3,2.1,2.7,2,2.2,,,3.2,2.9,3,4.1,3.6,3.9,3.1,2.6,2.7,2.3,2.8,1.5,1.7,1.8,
"Mayotte","Africa","Eastern Africa","Homicide Total Count",,,,,,,,,,,,,,,,,,27,5,12,,,,,,,,
"Mayotte","Africa","Eastern Africa","Homicide Rate",,,,,,,,,,,,,,,,,,14.2,2.5,5.9,,,,,,,,
"Mexico","Americas","Central America","Homicide Total Count",14493,15128,16594,16040,15839,15612,14505,13552,13656,12249,10737,10285,10088,10087,9329,9921,10452,8867,14006,19803,25757,27213,25967,23063,20010,20762,24559,32079
"Mexico","Americas","Central America","Homicide Rate",17,17.4,18.7,17.7,17.2,16.6,15.2,13.9,13.8,12.2,10.6,10,9.7,9.5,8.7,9.1,9.5,7.9,12.3,17.1,22,22.9,21.5,18.8,16.1,16.5,19.3,24.8
"Micronesia (Federated States of)","Oceania","Micronesia","Homicide Total Count",,,,,,,,,,,,,,,,,,,,,,,,,,,,
"Micronesia (Federated States of)","Oceania","Micronesia","Homicide Rate",,,,,,,,,,,,,,,,,,,,,,,,,,,,
"Monaco","Europe","Western Europe","Homicide Total Count",,,,,,,,,,,,1,,,1,1,1,0,0,0,0,0,0,0,,0,,
"Monaco","Europe","Western Europe","Homicide Rate",,,,,,,,,,,,3.1,,,3,3,2.9,0,0,0,0,0,0,0,,0,,
"Mongolia","Asia","Eastern Asia","Homicide Total Count",,,,,,,,,,,,,,343,333,398,336,293,212,219,239,266,199,205,213,184,171,191
"Mongolia","Asia","Eastern Asia","Homicide Rate",,,,,,,,,,,,,,13.9,13.3,15.8,13.1,11.3,8.1,8.2,8.8,9.6,7.1,7.1,7.3,6.2,5.7,6.2
"Montenegro","Europe","Southern Europe","Homicide Total Count",,,,,,,,,,,,,27,20,14,22,25,12,24,21,15,21,17,10,20,17,28,15
"Montenegro","Europe","Southern Europe","Homicide Rate",,,,,,,,,,,,,4.4,3.3,2.3,3.6,4,1.9,3.9,3.4,2.4,3.4,2.7,1.6,3.2,2.7,4.5,2.4
"Montserrat","Americas","Caribbean","Homicide Total Count",0,0,2,0,1,0,1,0,1,0,0,0,0,0,0,1,1,,1,,,,1,,,,,
"Montserrat","Americas","Caribbean","Homicide Rate",0,0,18.4,0,9.3,0,10.7,0,14.4,0,0,0,0,0,0,20.9,20.6,,20.4,,,,19.9,,,,,
"Morocco","Africa","Northern Africa","Homicide Total Count",89,124,132,148,184,,,732,556,540,461,543,462,510,470,469,498,517,426,432,451,441,383,429,355,431,594,761
"Morocco","Africa","Northern Africa","Homicide Rate",0.4,0.5,0.5,0.6,0.7,,,2.6,2,1.9,1.6,1.9,1.6,1.7,1.6,1.5,1.6,1.7,1.3,1.4,1.4,1.3,1.1,1.3,1,1.2,1.7,2.1
"Mozambique","Africa","Eastern Africa","Homicide Total Count",,,,,,,,,,,,1100,1040,1044,1130,1089,894,849,995,823,875,849,,,,,,
"Mozambique","Africa","Eastern Africa","Homicide Rate",,,,,,,,,,,,5.9,5.4,5.3,5.6,5.2,4.1,3.8,4.4,3.5,3.6,3.4,,,,,,
"Myanmar","Asia","South-Eastern Asia","Homicide Total Count",2046,,,,,1613,,,,,1041,916,814,764,743,676,777,749,791,879,801,1055,1436,1238,1230,1152,1198,
"Myanmar","Asia","South-Eastern Asia","Homicide Rate",5,,,,,3.7,,,,,2.3,2,1.7,1.6,1.5,1.4,1.6,1.5,1.6,1.8,1.6,2.1,2.8,2.4,2.4,2.2,2.3,
"Namibia","Africa","Southern Africa","Homicide Total Count",,,,,,373,353,327,407,379,380,353,346,,352,,,,354,388,314,308,388,,,,,
"Namibia","Africa","Southern Africa","Homicide Rate",,,,,,22.5,20.7,18.6,22.5,20.4,20,18.3,17.6,,17.5,,,,16.8,18.2,14.4,13.9,17.1,,,,,
"Nauru","Oceania","Micronesia","Homicide Total Count",,,,,,,,,,,,,,,,,,,,,,,,,,,,
"Nauru","Oceania","Micronesia","Homicide Rate",,,,,,,,,,,,,,,,,,,,,,,,,,,,
"Nepal","Asia","Southern Asia","Homicide Total Count",354,,,,,,,575,650,630,635,848,858,757,936,878,610,841,892,806,813,679,642,606,558,,627,
"Nepal","Asia","Southern Asia","Homicide Rate",1.9,,,,,,,2.6,2.8,2.7,2.7,3.5,3.5,3,3.7,3.4,2.4,3.2,3.4,3,3,2.5,2.3,2.2,2,,2.2,
"Netherlands","Europe","Western Europe","Homicide Total Count",135,177,193,192,171,193,211,208,176,203,180,202,195,202,191,174,128,143,150,154,144,143,145,125,123,104,94,132
"Netherlands","Europe","Western Europe","Homicide Rate",0.9,1.2,1.3,1.3,1.1,1.2,1.4,1.3,1.1,1.3,1.1,1.3,1.2,1.2,1.2,1.1,0.8,0.9,0.9,0.9,0.9,0.9,0.9,0.7,0.7,0.6,0.6,0.8
"New Caledonia","Oceania","Melanesia","Homicide Total Count",,,,,,,,,,,,,,,,,8,12,11,8,,,,,,,,
"New Caledonia","Oceania","Melanesia","Homicide Rate",,,,,,,,,,,,,,,,,3.4,5,4.5,3.2,,,,,,,,
"New Zealand","Oceania","Australia and New Zealand","Homicide Total Count",63,54,67,41,57,39,48,60,49,45,52,51,60,44,45,61,49,48,51,67,43,39,41,46,43,48,50,35
"New Zealand","Oceania","Australia and New Zealand","Homicide Rate",1.9,1.6,1.9,1.2,1.6,1.1,1.3,1.6,1.3,1.2,1.3,1.3,1.5,1.1,1.1,1.5,1.2,1.1,1.2,1.5,1,0.9,0.9,1,0.9,1,1.1,0.7
"Nicaragua","Americas","Central America","Homicide Total Count",672,732,826,762,725,707,662,679,639,561,476,537,554,635,646,729,722,714,736,802,785,738,673,594,525,524,453,
"Nicaragua","Americas","Central America","Homicide Rate",16.2,17.3,19.1,17.2,16,15.3,14.1,14.2,13.1,11.3,9.5,10.5,10.7,12.1,12.2,13.6,13.2,12.9,13.2,14.2,13.7,12.7,11.5,10,8.7,8.6,7.4,
"Niger","Africa","Western Africa","Homicide Total Count",,,,,,,,,,,,,,,,,,,,,,831,788,,,,,
"Niger","Africa","Western Africa","Homicide Rate",,,,,,,,,,,,,,,,,,,,,,4.9,4.4,,,,,
"Nigeria","Africa","Western Africa","Homicide Total Count",,,,,,,,,,,,,,,,,,,,,,,,,,,,
"Nigeria","Africa","Western Africa","Homicide Rate",,,,,,,,,,,,,,,,,,,,,,,,,,,,
"Niue","Oceania","Polynesia","Homicide Total Count",,,,,,,,,,,,,,,,,,,,,,,,,,,,
"Niue","Oceania","Polynesia","Homicide Rate",,,,,,,,,,,,,,,,,,,,,,,,,,,,
"Northern Mariana Islands","Oceania","Micronesia","Homicide Total Count",,,,,,,,,,,,,,,,,,,,,,,,,,,,
"Northern Mariana Islands","Oceania","Micronesia","Homicide Rate",,,,,,,,,,,,,,,,,,,,,,,,,,,,
"Norway","Europe","Northern Europe","Homicide Total Count",47,50,46,38,33,42,43,38,38,33,48,37,46,51,36,33,33,30,34,29,29,111,27,46,29,24,27,28
"Norway","Europe","Northern Europe","Homicide Rate",1.1,1.2,1.1,0.9,0.8,1,1,0.9,0.9,0.7,1.1,0.8,1,1.1,0.8,0.7,0.7,0.6,0.7,0.6,0.6,2.2,0.5,0.9,0.6,0.5,0.5,0.5
"Oman","Asia","Western Asia","Homicide Total Count",,,,,,,,,,,,,,,,,,,,,,,,,12,16,18,24
"Oman","Asia","Western Asia","Homicide Rate",,,,,,,,,,,,,,,,,,,,,,,,,0.3,0.4,0.4,0.5
"Pakistan","Asia","Southern Asia","Homicide Total Count",8209,,,,,,9062,9304,10246,9332,8906,9593,9466,9346,9614,9782,10048,10556,12059,12491,13190,13860,13846,13937,13276,9486,8516,8235
"Pakistan","Asia","Southern Asia","Homicide Rate",7.6,,,,,,7.2,7.2,7.7,6.9,6.4,6.8,6.5,6.3,6.4,6.4,6.4,6.6,7.4,7.5,7.7,8,7.8,7.7,7.2,5,4.4,4.2
"Palau","Oceania","Micronesia","Homicide Total Count",,,,,,,,,,,,,,,,,,,,,,,,,,,,
"Palau","Oceania","Micronesia","Homicide Rate",,,,,,,,,,,,,,,,,,,,,,,,,,,,
"Panama","Americas","Central America","Homicide Total Count",278,294,311,308,323,377,248,315,281,285,299,306,376,337,308,364,221,279,493,562,460,549,637,663,604,471,405,397
"Panama","Americas","Central America","Homicide Rate",11.3,11.7,12.1,11.7,12,13.8,8.9,11,9.6,9.6,9.9,9.9,11.9,10.5,9.4,10.9,6.5,8.1,14,15.7,12.6,14.8,16.9,17.3,15.5,11.9,10,9.7
"Papua New Guinea","Oceania","Melanesia","Homicide Total Count",,,,,,,,,502,450,465,436,470,609,,603,610,520,603,697,713,,,,,,,
"Papua New Guinea","Oceania","Melanesia","Homicide Rate",,,,,,,,,9.5,8.3,8.3,7.6,8,10.1,,9.5,9.4,7.8,8.9,10,10,,,,,,,
"Paraguay","Americas","South America","Homicide Total Count",,,,,,,,,,,995,1314,1372,1285,1209,887,742,783,833,821,741,657,649,604,578,617,599,
"Paraguay","Americas","South America","Homicide Rate",,,,,,,,,,,18.8,24.3,24.9,22.9,21.2,15.3,12.6,13.1,13.8,13.4,11.9,10.4,10.2,9.3,8.8,9.3,8.9,
"Peru","Americas","South America","Homicide Total Count",,,,,,,,,,,,,,,,,,,,,,1617,1968,2013,2076,2247,2435,2487
"Peru","Americas","South America","Homicide Rate",,,,,,,,,,,,,,,,,,,,,,5.4,6.5,6.6,6.7,7.2,7.7,7.7
"Philippines","Asia","South-Eastern Asia","Homicide Total Count",9281,8707,8293,7758,6446,,,,5913,5703,5735,5852,6553,6436,6344,6434,6200,5962,5820,9088,8645,8489,8484,9153,9756,9646,11379,8826
"Philippines","Asia","South-Eastern Asia","Homicide Rate",15,13.7,12.7,11.6,9.4,,,,7.9,7.5,7.4,7.3,8.1,7.8,7.5,7.5,7.1,6.7,6.4,9.9,9.2,8.9,8.8,9.3,9.7,9.5,11,8.4
"Poland","Europe","Eastern Europe","Homicide Total Count",679,849,857,905,917,853,873,807,759,741,855,776,716,662,633,555,490,525,326,387,384,422,409,305,287,298,260,287
"Poland","Europe","Eastern Europe","Homicide Rate",1.8,2.2,2.2,2.4,2.4,2.2,2.3,2.1,2,1.9,2.2,2,1.9,1.7,1.6,1.4,1.3,1.4,0.9,1,1,1.1,1.1,0.8,0.7,0.8,0.7,0.8
"Portugal","Europe","Southern Europe","Homicide Total Count",155,152,143,140,143,109,106,114,125,109,116,105,119,149,144,135,155,185,124,130,124,114,122,144,92,100,66,76
"Portugal","Europe","Southern Europe","Homicide Rate",1.6,1.5,1.4,1.4,1.4,1.1,1,1.1,1.2,1.1,1.1,1,1.1,1.4,1.4,1.3,1.5,1.7,1.2,1.2,1.2,1.1,1.2,1.4,0.9,1,0.6,0.7
"Puerto Rico","Americas","Caribbean","Homicide Total Count",600,817,864,954,995,864,868,724,652,593,695,747,781,787,797,771,748,730,815,901,1017,1164,1004,902,707,614,704,679
"Puerto Rico","Americas","Caribbean","Homicide Rate",17.1,23,24.1,26.3,27.2,23.4,23.3,19.3,17.3,15.7,18.3,19.7,20.6,20.8,21.1,20.5,19.9,19.5,21.8,24.2,27.4,31.4,27.2,24.5,19.2,16.7,19.2,18.5
"Qatar","Asia","Western Asia","Homicide Total Count",4,4,6,4,5,,,,2,3,1,5,,,5,6,5,9,12,8,4,4,7,9,9,,,
"Qatar","Asia","Western Asia","Homicide Rate",0.8,0.8,1.2,0.8,1,,,,0.4,0.5,0.2,0.8,,,0.7,0.7,0.5,0.8,0.9,0.5,0.2,0.2,0.3,0.4,0.4,,,
"Republic of Korea","Asia","Eastern Asia","Homicide Total Count",208,217,240,306,224,228,246,277,378,385,370,407,371,387,420,411,416,430,430,532,485,403,435,352,377,375,361,301
"Republic of Korea","Asia","Eastern Asia","Homicide Rate",0.5,0.5,0.5,0.7,0.5,0.5,0.5,0.6,0.8,0.8,0.8,0.9,0.8,0.8,0.9,0.8,0.9,0.9,0.9,1.1,1,0.8,0.9,0.7,0.7,0.7,0.7,0.6
"Republic of Moldova","Europe","Eastern Europe","Homicide Total Count",290,290,499,387,401,402,400,414,375,391,433,411,401,319,277,296,262,217,236,246,267,304,229,169,130,,,
"Republic of Moldova","Europe","Eastern Europe","Homicide Rate",6.6,6.6,11.4,8.9,9.2,9.3,9.3,9.7,8.8,9.3,10.3,9.8,9.6,7.6,6.6,7.1,6.3,5.3,5.7,6,6.5,7.5,5.6,4.2,3.2,,,
"Reunion","Africa","Eastern Africa","Homicide Total Count",,,,,,,,,,,,,,,23,25,19,24,18,15,,,,,,,,
"Reunion","Africa","Eastern Africa","Homicide Rate",,,,,,,,,,,,,,,2.9,3.2,2.4,3,2.2,1.8,,,,,,,,
"Romania","Europe","Eastern Europe","Homicide Total Count",796,826,839,737,776,758,722,693,561,566,581,597,563,551,516,453,438,416,470,397,404,335,378,336,298,291,247,286
"Romania","Europe","Eastern Europe","Homicide Rate",3.4,3.5,3.6,3.2,3.4,3.3,3.2,3.1,2.5,2.5,2.6,2.7,2.6,2.5,2.4,2.1,2.1,2,2.3,1.9,2,1.7,1.9,1.7,1.5,1.5,1.2,1.5
"Russian Federation","Europe","Eastern Europe","Homicide Total Count",21145,22621,33912,45060,47870,45257,39083,34995,33553,38225,41090,42921,44252,41764,39256,35636,28844,25377,23738,21371,,,16247,16033,16516,16646,15864,13293
"Russian Federation","Europe","Eastern Europe","Homicide Rate",14.3,15.3,22.9,30.4,32.3,30.5,26.4,23.7,22.8,26,28.1,29.4,30.5,28.9,27.3,24.8,20.1,17.7,16.6,14.9,,,11.3,11.2,11.5,11.6,11,9.2
"Rwanda","Africa","Eastern Africa","Homicide Total Count",,,,,,,,,,,,,,,,,319,268,144,,291,,256,359,428,293,,
"Rwanda","Africa","Eastern Africa","Homicide Rate",,,,,,,,,,,,,,,,,3.5,2.8,1.5,,2.8,,2.4,3.2,3.8,2.5,,
"Saint Helena","Africa","Western Africa","Homicide Total Count",,,,,0,0,0,0,0,0,0,0,0,0,1,0,0,0,0,0,,,,,,,,
"Saint Helena","Africa","Western Africa","Homicide Rate",,,,,0,0,0,0,0,0,0,0,0,0,22.7,0,0,0,0,0,,,,,,,,
"Saint Kitts and Nevis","Americas","Caribbean","Homicide Total Count",,,,,,4,4,7,8,6,3,6,5,10,11,8,17,16,23,27,21,34,18,,,,,
"Saint Kitts and Nevis","Americas","Caribbean","Homicide Rate",,,,,,9.3,9.2,16,18.1,13.4,6.6,13,10.7,21.1,22.9,16.5,34.5,32.1,45.7,53.1,40.8,65.4,34.2,,,,,
"Saint Lucia","Americas","Caribbean","Homicide Total Count",14,10,14,8,10,16,12,13,14,16,23,34,42,36,37,41,43,29,39,39,44,46,39,33,34,28,30,53
"Saint Lucia","Americas","Caribbean","Homicide Rate",10.1,7.1,9.9,5.6,6.9,10.9,8.1,8.6,9.1,10.3,14.7,21.5,26.3,22.4,22.8,25,26,17.3,23,22.8,25.5,26.5,22.3,18.8,19.3,15.8,16.9,29.6
"Saint Martin (French Part)","Americas","Caribbean","Homicide Total Count",,,,,,,,,,,,,,,,,,,,,,8,2,8,8,6,10,
"Saint Martin (French Part)","Americas","Caribbean","Homicide Rate",,,,,,,,,,,,,,,,,,,,,,22,5.6,22.5,22.8,17.1,28.5,
"Saint Pierre and Miquelon","Americas","Northern America","Homicide Total Count",,,,,,,,,,,,,,,,,0,0,1,1,,,,,,,,
"Saint Pierre and Miquelon","Americas","Northern America","Homicide Rate",,,,,,,,,,,,,,,,,0,0,16,15.9,,,,,,,,
"Saint Vincent and the Grenadines","Americas","Caribbean","Homicide Total Count",11,18,18,14,13,20,24,9,24,14,20,12,20,18,29,26,20,40,16,23,25,21,28,,,,40,
"Saint Vincent and the Grenadines","Americas","Caribbean","Homicide Rate",10.2,16.7,16.7,13,12,18.5,22.2,8.3,22.2,13,18.5,11.1,18.5,16.6,26.7,23.9,18.4,36.7,14.7,21.1,22.9,19.2,25.6,,,,36.5,
"Samoa","Oceania","Polynesia","Homicide Total Count",,,,,,,,,,,,,,,,,,,,16,16,,,6,,,,
"Samoa","Oceania","Polynesia","Homicide Rate",,,,,,,,,,,,,,,,,,,,8.7,8.6,,,3.1,,,,
"San Marino","Europe","Southern Europe","Homicide Total Count",,,,,,0,0,0,0,0,0,0,1,0,0,0,0,0,0,0,0,0,,,,,,
"San Marino","Europe","Southern Europe","Homicide Rate",,,,,,0,0,0,0,0,0,0,3.6,0,0,0,0,0,0,0,0,0,,,,,,
"Sao Tome and Principe","Africa","Middle Africa","Homicide Total Count",8,7,12,8,8,,,,,,,,,,,,4,4,14,5,6,6,,,,,,
"Sao Tome and Principe","Africa","Middle Africa","Homicide Rate",7,6,10.1,6.6,6.5,,,,,,,,,,,,2.5,2.5,8.4,2.9,3.4,3.4,,,,,,
"Saudi Arabia","Asia","Western Asia","Homicide Total Count",,,,,,,,,,184,173,229,285,250,301,297,255,265,,,,,,,,472,,419
"Saudi Arabia","Asia","Western Asia","Homicide Rate",,,,,,,,,,0.9,0.8,1.1,1.3,1.1,1.3,1.2,1,1,,,,,,,,1.5,,1.3
"Senegal","Africa","Western Africa","Homicide Total Count",,,,,,,,,,,,,,,,,,,,,,,,,,,,
"Senegal","Africa","Western Africa","Homicide Rate",,,,,,,,,,,,,,,,,,,,,,,,,,,,
"Serbia","Europe","Southern Europe","Homicide Total Count",,,,,,,,,,,228,243,200,176,164,147,156,171,140,154,130,135,111,142,120,104,123,94
"Serbia","Europe","Southern Europe","Homicide Rate",,,,,,,,,,,2.4,2.6,2.1,1.9,1.8,1.6,1.7,1.9,1.5,1.7,1.4,1.5,1.2,1.6,1.4,1.2,1.4,1.1
"Seychelles","Africa","Eastern Africa","Homicide Total Count",,,,,,,,,,,,,,,10,,9,8,6,14,9,16,4,18,16,7,12,
"Seychelles","Africa","Eastern Africa","Homicide Rate",,,,,,,,,,,,,,,11.4,,10,8.9,6.6,15.4,9.8,17.4,4.3,19.4,17.2,7.5,12.7,
"Sierra Leone","Africa","Western Africa","Homicide Total Count",,,,,,,,,,,,,,,112,99,101,134,184,158,163,187,113,,,124,,
"Sierra Leone","Africa","Western Africa","Homicide Rate",,,,,,,,,,,,,,,2.1,1.7,1.7,2.2,3,2.5,2.5,2.8,1.7,,,1.7,,
"Singapore","Asia","South-Eastern Asia","Homicide Total Count",47,51,43,58,49,54,33,38,40,39,41,32,31,27,20,21,17,18,27,20,19,16,11,17,14,14,18,11
"Singapore","Asia","South-Eastern Asia","Homicide Rate",1.6,1.6,1.3,1.8,1.4,1.6,0.9,1,1.1,1,1,0.8,0.8,0.6,0.5,0.5,0.4,0.4,0.6,0.4,0.4,0.3,0.2,0.3,0.3,0.3,0.3,0.2
"Sint Maarten (Dutch part)","Americas","Caribbean","Homicide Total Count",,,,,,,,,,,,,,,,,,,,,,,,,,,,
"Sint Maarten (Dutch part)","Americas","Caribbean","Homicide Rate",,,,,,,,,,,,,,,,,,,,,,,,,,,,
"Slovakia","Europe","Eastern Europe","Homicide Total Count",93,128,,137,129,128,132,140,128,141,129,118,121,137,108,93,82,82,86,78,82,88,63,71,69,44,57,80
"Slovakia","Europe","Eastern Europe","Homicide Rate",1.8,2.4,,2.6,2.4,2.4,2.5,2.6,2.4,2.6,2.4,2.2,2.2,2.5,2,1.7,1.5,1.5,1.6,1.4,1.5,1.6,1.2,1.3,1.3,0.8,1,1.5
"Slovenia","Europe","Southern Europe","Homicide Total Count",41,40,48,26,41,44,38,36,14,25,36,28,36,21,27,20,12,24,10,13,15,16,14,12,16,20,10,19
"Slovenia","Europe","Southern Europe","Homicide Rate",2,2,2.4,1.3,2.1,2.2,1.9,1.8,0.7,1.3,1.8,1.4,1.8,1.1,1.4,1,0.6,1.2,0.5,0.6,0.7,0.8,0.7,0.6,0.8,1,0.5,0.9
"Solomon Islands","Oceania","Melanesia","Homicide Total Count",,,,,,,,,,,,,,,20,26,23,26,19,,,,,,,,,
"Solomon Islands","Oceania","Melanesia","Homicide Rate",,,,,,,,,,,,,,,4.4,5.5,4.8,5.3,3.8,,,,,,,,,
"Somalia","Africa","Eastern Africa","Homicide Total Count",,,,,,,,,,,,,,,,,,,,,,,,,,,,
"Somalia","Africa","Eastern Africa","Homicide Rate",,,,,,,,,,,,,,,,,,,,,,,,,,,,
"South Africa","Africa","Southern Africa","Homicide Total Count",,,,,25965,26877,25470,24486,25127,22604,21758,21405,21553,19824,18793,18528,19106,18400,18084,16767,15893,15554,16213,17023,17805,18673,19016,20336
"South Africa","Africa","Southern Africa","Homicide Rate",,,,,63,63.9,59.4,56.1,56.6,50.2,47.6,46.1,45.8,41.6,39,38,38.7,36.9,35.9,32.9,30.8,29.8,30.6,31.7,32.6,33.8,34,35.9
"South Sudan","Africa","Eastern Africa","Homicide Total Count",,,,,,,,,,,,,,,,,,,,,,,1504,,,,,
"South Sudan","Africa","Eastern Africa","Homicide Rate",,,,,,,,,,,,,,,,,,,,,,,13.9,,,,,
"Spain","Europe","Southern Europe","Homicide Total Count",484,439,441,474,429,411,397,463,522,486,553,577,564,587,520,518,476,482,407,412,401,385,364,302,323,302,294,307
"Spain","Europe","Southern Europe","Homicide Rate",1.2,1.1,1.1,1.2,1.1,1,1,1.2,1.3,1.2,1.4,1.4,1.3,1.4,1.2,1.2,1.1,1.1,0.9,0.9,0.9,0.8,0.8,0.6,0.7,0.7,0.6,0.7
"Sri Lanka","Asia","Southern Asia","Homicide Total Count",1985,,,,,1614,1775,1851,,1919,,,,1310,1377,1219,2044,,2002,1099,763,732,676,619,553,487,530,486
"Sri Lanka","Asia","Southern Asia","Homicide Rate",11.5,,,,,8.8,9.7,10,,10.3,,,,6.8,7.1,6.2,10.4,,10,5.5,3.8,3.6,3.3,3,2.7,2.4,2.5,2.3
"State of Palestine","Asia","Western Asia","Homicide Total Count",,,,,,31,120,45,45,54,,,,94,96,86,,,48,44,32,24,26,24,35,45,33,
"State of Palestine","Asia","Western Asia","Homicide Rate",,,,,,1.2,4.4,1.6,1.5,1.7,,,,2.7,2.7,2.4,,,1.2,1.1,0.8,0.6,0.6,0.5,0.8,1,0.7,
"Sudan","Africa","Northern Africa","Homicide Total Count",,,,,,,,,,,,,,,,,,1511,1702,,,,,,,,,
"Sudan","Africa","Northern Africa","Homicide Rate",,,,,,,,,,,,,,,,,,4.7,5.2,,,,,,,,,
"Suriname","Americas","South America","Homicide Total Count",,,,,,,,,,,68,79,57,60,46,69,62,45,43,,,,,29,32,34,41,31
"Suriname","Americas","South America","Homicide Rate",,,,,,,,,,,14.4,16.5,11.8,12.3,9.3,13.8,12.3,8.8,8.3,,,,,5.3,5.8,6.1,7.3,5.5
"Sweden","Europe","Northern Europe","Homicide Total Count",95,115,114,108,100,87,99,87,92,101,96,87,101,85,107,83,91,111,82,93,91,81,68,87,87,112,106,113
"Sweden","Europe","Northern Europe","Homicide Rate",1.1,1.3,1.3,1.2,1.1,1,1.1,1,1,1.1,1.1,1,1.1,0.9,1.2,0.9,1,1.2,0.9,1,1,0.9,0.7,0.9,0.9,1.1,1.1,1.1
"Switzerland","Europe","Western Europe","Homicide Total Count",110,98,93,105,80,82,83,87,76,89,69,86,86,73,78,75,60,51,54,51,52,46,45,57,41,57,45,45
"Switzerland","Europe","Western Europe","Homicide Rate",1.6,1.5,1.4,1.5,1.1,1.2,1.2,1.2,1.1,1.2,1,1.2,1.2,1,1.1,1,0.8,0.7,0.7,0.7,0.7,0.6,0.6,0.7,0.5,0.7,0.5,0.5
"Syrian Arab Republic","Asia","Western Asia","Homicide Total Count",,,,,,,,296,336,330,357,376,368,405,426,430,446,533,529,476,463,,,,,,,
"Syrian Arab Republic","Asia","Western Asia","Homicide Rate",,,,,,,,2,2.2,2.1,2.2,2.2,2.2,2.3,2.4,2.4,2.4,2.7,2.6,2.3,2.2,,,,,,,
"Tajikistan","Asia","Central Asia","Homicide Total Count",168,148,605,1304,636,435,484,498,491,357,283,233,180,164,142,157,194,132,100,97,181,126,,,,,,
"Tajikistan","Asia","Central Asia","Homicide Rate",3.2,2.7,11,23.3,11.2,7.5,8.3,8.4,8.2,5.8,4.6,3.7,2.8,2.5,2.1,2.3,2.8,1.8,1.4,1.3,2.4,1.6,,,,,,
"Thailand","Asia","South-Eastern Asia","Homicide Total Count",5344,5586,5959,5482,5006,4542,4474,4787,5361,5052,5142,5020,4538,6434,4273,4806,4687,4435,3974,3703,3654,3307,3323,2894,2649,2387,2229,
"Thailand","Asia","South-Eastern Asia","Homicide Rate",9.4,9.8,10.3,9.4,8.5,7.6,7.4,7.9,8.7,8.1,8.2,7.9,7.1,10,6.6,7.3,7.1,6.7,6,5.5,5.4,4.9,4.9,4.2,3.9,3.5,3.2,
"The former Yugoslav Republic of Macedonia","Europe","Southern Europe","Homicide Total Count",,,,,,,,,48,38,47,55,60,70,49,44,46,42,35,35,43,30,29,22,35,25,19,31
"The former Yugoslav Republic of Macedonia","Europe","Southern Europe","Homicide Rate",,,,,,,,,2.4,1.9,2.3,2.7,2.9,3.4,2.4,2.1,2.2,2,1.7,1.7,2.1,1.4,1.4,1.1,1.7,1.2,0.9,1.5
"Timor-Leste","Asia","South-Eastern Asia","Homicide Total Count",,,,,,,,,,,,,,,23,46,49,62,35,32,39,,,,,49,,
"Timor-Leste","Asia","South-Eastern Asia","Homicide Rate",,,,,,,,,,,,,,,2.3,4.5,4.7,5.8,3.2,2.9,3.5,,,,,3.9,,
"Togo","Africa","Western Africa","Homicide Total Count",,,,,,,,,,,,,,,,,,,,,,,,,,,,
"Togo","Africa","Western Africa","Homicide Rate",,,,,,,,,,,,,,,,,,,,,,,,,,,,
"Tokelau","Oceania","Polynesia","Homicide Total Count",,,,,,,,,,,,,,,,,,,,,,,,,,,,
"Tokelau","Oceania","Polynesia","Homicide Rate",,,,,,,,,,,,,,,,,,,,,,,,,,,,
"Tonga","Oceania","Polynesia","Homicide Total Count",,,,,,2,2,2,,,1,6,6,6,2,4,8,1,4,8,1,2,1,,,,,
"Tonga","Oceania","Polynesia","Homicide Rate",,,,,,2.1,2.1,2.1,,,1,6.1,6,6,2,4,7.9,1,3.9,7.7,1,1.9,1,,,,,
"Trinidad and Tobago","Americas","Caribbean","Homicide Total Count",,,,,,,,,,,120,151,171,229,260,386,371,391,547,507,473,352,380,407,405,420,,
"Trinidad and Tobago","Americas","Caribbean","Homicide Rate",,,,,,,,,,,9.5,11.9,13.4,17.8,20.1,29.8,28.5,29.9,41.6,38.4,35.6,26.4,28.3,30.2,29.9,30.9,,
"Tunisia","Africa","Northern Africa","Homicide Total Count",,,,,,,,,,,,,,,195,260,249,273,280,255,286,,332,,,,,
"Tunisia","Africa","Northern Africa","Homicide Rate",,,,,,,,,,,,,,,1.9,2.6,2.4,2.7,2.7,2.4,2.7,,3,,,,,
"Turkey","Asia","Western Asia","Homicide Total Count",,,,,,,,,,,,,,2837,2914,3305,3168,3599,3257,3692,3064,3061,3216,,,,,
"Turkey","Asia","Western Asia","Homicide Rate",,,,,,,,,,,,,,4.3,4.3,4.9,4.6,5.2,4.6,5.2,4.2,4.2,4.3,,,,,
"Turkmenistan","Asia","Central Asia","Homicide Total Count",332,306,296,332,308,269,334,358,345,321,267,248,241,233,209,206,203,,,,,,,,,,,
"Turkmenistan","Asia","Central Asia","Homicide Rate",9,8.1,7.6,8.3,7.5,6.4,7.8,8.2,7.8,7.2,5.9,5.4,5.2,5,4.4,4.3,4.2,,,,,,,,,,,
"Turks and Caicos Islands","Americas","Caribbean","Homicide Total Count",0,0,1,1,2,1,1,2,0,0,0,0,2,0,,0,,2,2,2,,,,4,2,,,
"Turks and Caicos Islands","Americas","Caribbean","Homicide Rate",0,0,7.7,7.3,13.7,6.5,6.3,12.1,0,0,0,0,9.2,0,,0,,7,6.8,6.6,,,,12.1,5.9,,,
"Tuvalu","Oceania","Polynesia","Homicide Total Count",,,,,,,,,,,,,0,0,0,0,0,0,0,0,1,1,2,,,,,
"Tuvalu","Oceania","Polynesia","Homicide Rate",,,,,,,,,,,,,0,0,0,0,0,0,0,0,9.5,9.4,18.6,,,,,
"Uganda","Africa","Eastern Africa","Homicide Total Count",,,,,,1710,1806,1919,,,,,,2136,2049,2492,2696,2645,2793,3233,3160,3753,4066,3857,4473,,4482,4735
"Uganda","Africa","Eastern Africa","Homicide Rate",,,,,,8.3,8.5,8.8,,,,,,8,7.4,8.7,9.1,8.6,8.8,9.9,9.3,10.7,11.2,10.3,11.5,,10.8,11
"Ukraine","Europe","Eastern Europe","Homicide Total Count",2558,2648,3370,3696,4223,4407,4896,4231,4195,4250,4418,4854,4296,4041,3487,3030,2958,2646,2466,2240,1988,,2336,,2845,,,2751
"Ukraine","Europe","Eastern Europe","Homicide Rate",5,5.1,6.6,7.2,8.3,8.7,9.7,8.4,8.4,8.6,9,10,9,8.5,7.4,6.5,6.3,5.7,5.3,4.9,4.3,,5.2,,6.3,,,6.2
"United Arab Emirates","Asia","Western Asia","Homicide Total Count",,,,,,,,,,,,,,45,27,56,39,,,,67,51,69,57,61,60,66,44
"United Arab Emirates","Asia","Western Asia","Homicide Rate",,,,,,,,,,,,,,1.2,0.7,1.2,0.7,,,,0.8,0.6,0.8,0.6,0.7,0.7,0.7,0.5
"United Kingdom (England and Wales)","Europe","Northern Europe","Homicide Total Count",537,556,651,670,727,753,679,739,750,766,764,793,944,775,779,708,710,729,639,595,633,526,543,521,510,570,706,726
"United Kingdom (England and Wales)","Europe","Northern Europe","Homicide Rate",1.1,1.1,1.3,1.3,1.4,1.5,1.3,1.4,1.5,1.5,1.5,1.5,1.8,1.5,1.5,1.3,1.3,1.3,1.2,1.1,1.1,0.9,1,0.9,0.9,1,1.2,1.2
"United Kingdom (Northern Ireland)","Europe","Northern Europe","Homicide Total Count",100,114,108,101,83,22,35,40,75,34,45,57,38,42,34,31,30,29,24,29,23,22,21,20,17,23,18,24
"United Kingdom (Northern Ireland)","Europe","Northern Europe","Homicide Rate",6.3,7.1,6.7,6.2,5,1.3,2.1,2.4,4.5,2,2.7,3.4,2.2,2.5,2,1.8,1.7,1.6,1.3,1.6,1.3,1.2,1.2,1.1,0.9,1.2,1,1.3
"United Kingdom (Scotland)","Europe","Northern Europe","Homicide Total Count",76,64,110,114,109,125,126,86,96,120,106,116,125,109,137,95,120,115,99,82,100,93,63,62,62,59,65,59
"United Kingdom (Scotland)","Europe","Northern Europe","Homicide Rate",1.5,1.3,2.2,2.2,2.1,2.4,2.5,1.7,1.9,2.4,2.1,2.3,2.5,2.2,2.7,1.9,2.3,2.2,1.9,1.6,1.9,1.8,1.2,1.2,1.2,1.1,1.2,1.1
"United Kingdom of Great Britain and Northern Ireland","Europe","Northern Europe","Homicide Total Count",713,734,869,885,919,900,840,865,921,920,915,966,1107,926,950,834,860,873,762,706,756,641,627,603,589,652,791,803
"United Kingdom of Great Britain and Northern Ireland","Europe","Northern Europe","Homicide Rate",1.2,1.3,1.5,1.5,1.6,1.6,1.4,1.5,1.6,1.6,1.6,1.6,1.9,1.6,1.6,1.4,1.4,1.4,1.2,1.1,1.2,1,1,0.9,0.9,1,1.2,1.2
"United Republic of Tanzania","Africa","Eastern Africa","Homicide Total Count",,,,,,2110,2283,2355,,,,,,2778,2926,,,,,,3888,4149,4092,3697,3902,3746,3439,
"United Republic of Tanzania","Africa","Eastern Africa","Homicide Rate",,,,,,7,7.4,7.4,,,,,,7.5,7.6,,,,,,8.4,8.7,8.3,7.3,7.5,7,6.2,
"United States of America","Americas","Northern America","Homicide Total Count",23438,24703,23760,24526,23326,21606,19645,18208,16974,15522,15586,19033,16229,16528,16148,16740,17309,17128,16465,15399,14722,14661,14856,14319,14164,15883,17413,17284
"United States of America","Americas","Northern America","Homicide Rate",9.3,9.7,9.2,9.4,8.9,8.1,7.3,6.7,6.2,5.6,5.5,6.7,5.6,5.7,5.5,5.7,5.8,5.7,5.4,5,4.8,4.7,4.7,4.5,4.5,5,5.4,5.3
"United States Virgin Islands","Americas","Caribbean","Homicide Total Count",,,,,,,,30,25,27,23,28,41,31,37,37,43,43,46,50,56,45,52,,,,,
"United States Virgin Islands","Americas","Caribbean","Homicide Rate",,,,,,,,27.7,23,24.8,21.2,25.8,37.8,28.6,34.2,34.3,40,40.1,43.1,47,52.8,42.5,49.3,,,,,
"Uruguay","Americas","South America","Homicide Total Count",206,194,182,,,191,205,243,244,216,214,218,231,197,200,190,202,194,221,226,205,199,267,260,268,293,268,284
"Uruguay","Americas","South America","Homicide Rate",6.6,6.2,5.8,,,5.9,6.3,7.4,7.4,6.5,6.4,6.6,6.9,5.9,6,5.7,6.1,5.8,6.6,6.7,6.1,5.9,7.9,7.6,7.8,8.5,7.8,8.2
"Uzbekistan","Asia","Central Asia","Homicide Total Count",1125,1062,1145,1139,1219,1157,1153,1054,1065,1014,1068,1081,1058,963,962,910,861,815,831,,,,,,450,506,444,363
"Uzbekistan","Asia","Central Asia","Homicide Rate",5.5,5.1,5.3,5.2,5.4,5.1,4.9,4.4,4.4,4.1,4.3,4.3,4.1,3.7,3.7,3.4,3.2,3,3,,,,,,1.5,1.6,1.4,1.1
"Vanuatu","Oceania","Melanesia","Homicide Total Count",,,,,,,,,,,,,,,,,,,,,,,,,,,,
"Vanuatu","Oceania","Melanesia","Homicide Rate",,,,,,,,,,,,,,,,,,,,,,,,,,,,
"Venezuela (Bolivarian Republic of)","Americas","South America","Homicide Total Count",2474,2502,3266,4292,4733,4481,4961,4225,4550,5974,8022,7960,9617,11342,9719,9964,12257,13156,14589,13985,13080,14098,16072,,19030,,17778,
"Venezuela (Bolivarian Republic of)","Americas","South America","Homicide Rate",12.5,12.3,15.7,20.2,21.8,20.2,21.9,18.3,19.3,24.9,32.8,31.9,37.8,43.8,36.9,37.2,45,47.5,51.8,48.9,45.1,47.8,53.8,,61.9,,56.3,
"Viet Nam","Asia","South-Eastern Asia","Homicide Total Count",,,,,,,,,,,,1004,1067,1059,1063,1053,1048,1168,1092,1233,1336,1358,,,,,,
"Viet Nam","Asia","South-Eastern Asia","Homicide Rate",,,,,,,,,,,,1.2,1.3,1.3,1.3,1.2,1.2,1.4,1.3,1.4,1.5,1.5,,,,,,
"Wallis and Futuna Islands","Oceania","Polynesia","Homicide Total Count",,,,,,,,,,,,,,,,,,,,,,,,,,,,
"Wallis and Futuna Islands","Oceania","Polynesia","Homicide Rate",,,,,,,,,,,,,,,,,,,,,,,,,,,,
"Western Sahara","Africa","Northern Africa","Homicide Total Count",,,,,,,,,,,,,,,,,,,,,,,,,,,,
"Western Sahara","Africa","Northern Africa","Homicide Rate",,,,,,,,,,,,,,,,,,,,,,,,,,,,
"Yemen","Asia","Western Asia","Homicide Total Count",,,,,,,,,615,1024,697,,,704,646,945,895,850,874,990,1099,1375,1616,1703,,,,
"Yemen","Asia","Western Asia","Homicide Rate",,,,,,,,,3.6,5.9,3.9,,,3.6,3.2,4.6,4.2,3.9,3.9,4.3,4.7,5.7,6.5,6.7,,,,
"Zambia","Africa","Eastern Africa","Homicide Total Count",550,684,768,745,831,,,,872,1072,797,,,,,,,,694,812,814,863,885,867,825,853,,
"Zambia","Africa","Eastern Africa","Homicide Rate",6.9,8.3,9.1,8.6,9.3,,,,8.8,10.5,7.6,,,,,,,,5.3,6,5.9,6,6,5.7,5.3,5.3,,
"Zimbabwe","Africa","Eastern Africa","Homicide Total Count",587,,,,,,,,,,,1529,1623,1360,1356,1350,1072,,,,711,,981,,,,,
"Zimbabwe","Africa","Eastern Africa","Homicide Rate",5.8,,,,,,,,,,,12.4,13,10.8,10.6,10.4,8.2,,,,5,,6.7,,,,,
